{
  "serveWeb": false,
  "webRoot": "",  
  "ca_file_name": "",
  "cert_file_name": "",
  "chatCooldown": 1000,
  "chatEnabled": true,
  "chatFilteredPhrases": [],
  "dh_params_file_name": "",
  "ejectDispersion": 0.3,
  "ejectedCellBoost": 780,
  "ejectedSize": 38,
  "ejectingLoss": 43,
  "enableSSL": false,
  "key_file_name": "",
  "killOversize": false,
  "listenerAcceptedOriginRegex": "http://localhost",
  "listenerMaxClientDormancy": 60000,
  "listenerMaxConnections": 100,
  "listenerMaxConnectionsPerIP": 2,
  "listenerThreads": 6,
  "listeningPort": 3000,
  "matchmakerBulkSize": 1,
  "matchmakerNeedsQueuing": false,
  "minionEnableERTPControls": false,
  "minionEnableQBasedControl": true,
  "minionName": "Minion",
  "minionSpawnSize": 32,
  "mothercellActiveSpawnSpeed": 1,
  "mothercellCount": 0,
  "mothercellMaxPellets": 96,
  "mothercellMaxSize": 65535,
  "mothercellPassiveSpawnChance": 0.05,
  "mothercellPelletBoost": 90,
  "mothercellSize": 149,
  "passphrase": "",
  "pelletCount": 100,
  "pelletGrowTicks": 1500,
  "pelletMaxSize": 20,
  "pelletMinSize": 10,
  "physicsThreads": 6,
  "playerAllowSkinInName": true,
  "playerDecayMult": 0.001,
  "playerEjectDelay": 1,
  "playerMaxCells": 256,
  "playerMaxNameLength": 256,
  "playerMaxSize": 60000,
  "playerMergeNewVersion": false,
  "playerMergeTime": 5,
  "playerMergeTimeIncrease": 0.02,
  "playerMinEjectSize": 60,
  "playerMinSize": 32,
  "playerMinSplitSize": 60,
  "playerMinViewScale": 0.01,
  "playerMoveMult": 1,
  "playerNoCollideDelay": 14,
  "playerNoMergeDelay": 0.5,
  "playerRoamSpeed": 32,
  "playerRoamViewScale": 0.4,
  "playerSpawnSize": 1000,
  "playerSplitBoost": 780,
  "playerSplitCap": 255,
  "playerSplitDistance": 40,
  "playerSplitSizeDiv": 1.414213562373095,
  "playerViewScaleMult": 1,
  "respawnEnabled": true,
  "restartMulti": 0.5,
  "serverFrequency": 25,
  "serverGameMode": "FFA",
  "serverName": "An unnamed server",
  "socketsThreads": 6,
  "spawnProtection": 40,
  "virusFeedTimes": 7,
  "virusMaxCount": 90,
  "virusMinCount": 15,
  "virusMonotonePops": true,
  "virusPushBoost": 120,
  "virusPushing": true,
  "virusSize": 100,
  "virusSplitBoost": 780,
  "worldEatMult": 1.140175425099138,
  "worldEatOverlapDiv": 3,
  "worldFinderMaxItems": 16,
  "worldFinderMaxLevel": 16,
  "worldMapH": 7071,
  "worldMapW": 7071,
  "worldMapX": 0,
  "worldMapY": 0,
  "worldMaxCount": 2,
  "worldMaxPlayers": 50,
  "worldMinCount": 0,
  "worldMinionsPerPlayer": 0,
  "worldPlayerBotNames": [],
  "worldPlayerBotSkins": [],
  "worldPlayerBotsPerWorld": 20,
  "worldPlayerDisposeDelay": 100,
  "worldSafeSpawnFromEjectedChance": 0.01,
  "worldSafeSpawnTries": 1000
}
